168.6146,-43.9775,352.2,54,230,0,ZFT,Kamp,et,al.,1992,,
168.6245,-43.9852,400,36.8,230,0,ZFT,Kamp,et,al.,1992,,
168.6535,-43.9999,282.5,27.1,230,42,ZFT,Kamp,et,al.,1992,,
168.665,-44.4495,30,12,230,219,ZFT,Tippett,&,Kamp,1993b,,
168.6712,-44.4389,29,10,230,68,ZFT,Tippett,&,Kamp,1993b,,
168.6915,-44.1605,5.6,0.5,230,969,ZFT,Tippett,&,Kamp,1993a,,
168.7162,-44.5083,47,14,230,221,ZFT,Tippett,&,Kamp,1993b,,
168.7213,-44.0547,239,29,230,660,ZFT,Seward,&,Nathan,1990,,
168.7229,-44.0502,65.8,3.2,230,27,ZFT,Kamp,et,al.,1992,,
168.7231,-44.0461,96.8,7.7,230,44,ZFT,Kamp,et,al.,1992,,
168.7737,-44.5089,59,6,230,54,ZFT,Tippett,&,Kamp,1993b,,
168.9789,-44.6543,85,6,230,598,ZFT,Tippett,&,Kamp,1993a,,
169.0322,-44.2408,28,6,230,572,ZFT,Tippett,&,Kamp,1993b,,
169.0471,-44.1835,15,2,230,700,ZFT,Tippett,&,Kamp,1993b,,
169.0489,-43.8914,64.4,3,230,27,ZFT,Kamp,et,al.,1992,,
169.0492,-44.1877,7.8,3.6,230,572,ZFT,Tippett,&,Kamp,1993b,,
169.0585,-43.8529,87.3,7.5,230,30,ZFT,Kamp,et,al.,1992,,
169.0622,-44.206,22,4,230,622,ZFT,Tippett,&,Kamp,1993b,,
169.1021,-43.9279,4.2,1.6,230,81,ZFT,Kamp,et,al.,1989,,
169.147,-43.9445,4.8,0.8,230,103,ZFT,Kamp,et,al.,1989,,
169.1709,-44.3515,59,5.6,230,306,ZFT,Kamp,et,al.,1989,,
169.1842,-44.7401,109,11,230,625,ZFT,Tippett,&,Kamp,1993a,,
169.1885,-44.3988,55,3,230,1376,ZFT,Tippett,&,Kamp,1993a,,
169.1904,-44.8736,93,11,230,3280,ZFT,Tippett,&,Kamp,1993a,,
169.1927,-44.4391,70,7,230,447,ZFT,Tippett,&,Kamp,1993a,,
169.1949,-44.44,85.4,10.8,230,443,ZFT,Kamp,et,al.,1989,,
169.1985,-44.8745,85,11,230,3319,ZFT,Tippett,&,Kamp,1993a,,
169.2098,-44.4411,81.5,5,230,454,ZFT,Tippett,&,Kamp,1993a,,
169.2153,-44.8864,90,3,230,325,ZFT,Tippett,&,Kamp,1993a,,
169.2201,-44.4414,95,8,230,1078,ZFT,Tippett,&,Kamp,1993a,,
169.2217,-44.2529,66,6,230,440,ZFT,Tippett,&,Kamp,1993a,,
169.2243,-44.4529,105.8,14,230,429,ZFT,Kamp,et,al.,1989,,
169.2274,-43.7157,107.6,22.1,230,0,ZFT,Kamp,et,al.,1992,,
169.2347,-44.895,94,11,230,300,ZFT,Tippett,&,Kamp,1993a,,
169.2396,-44.4426,100,6,230,1515,ZFT,Tippett,&,Kamp,1993a,,
169.2446,-44.4632,117.1,15.4,230,380,ZFT,Kamp,et,al.,1989,,
169.2473,-44.511,118.4,17.4,230,464,ZFT,Kamp,et,al.,1989,,
169.2511,-44.4428,97,7,230,399,ZFT,Tippett,&,Kamp,1993a,,
169.2684,-44.4398,116,7,230,741,ZFT,Tippett,&,Kamp,1993a,,
169.2715,-43.7199,279,44,230,22,ZFT,Kamp,et,al.,1992,,
169.2792,-43.9406,3.8,0.6,230,215,ZFT,Kamp,et,al.,1989,,
169.2835,-45.0992,90,5,230,837,ZFT,Tippett,&,Kamp,1993a,,
169.2995,-44.4371,133,12,230,620,ZFT,Tippett,&,Kamp,1993a,,
169.3067,-44.4299,122,7,230,574,ZFT,Tippett,&,Kamp,1993a,,
169.3106,-43.8175,4.5,0.4,230,1158,ZFT,"Batt,",G.,E.,et,"al,",1999
169.3137,-44.8562,88,4,230,1708,ZFT,Tippett,&,Kamp,1993a,,
169.3221,-43.8134,4.2,0.3,230,1110,ZFT,"Batt,",G.,E.,et,"al,",1999
169.3333,-43.9564,3.6,0.8,230,637,ZFT,Tippett,&,Kamp,1993a,,
169.34,-43.7714,95.4,7.7,230,81,ZFT,Kamp,et,al.,1992,,
169.3445,-44.1179,73.2,13.4,230,599,ZFT,Kamp,et,al.,1989,,
169.355,-43.9543,5.6,0.6,230,219,ZFT,Tippett,&,Kamp,1993a,,
169.3562,-43.9544,6.6,1.6,230,140,ZFT,Kamp,et,al.,1989,,
169.357,-43.7733,86,10.8,230,128,ZFT,Kamp,et,al.,1992,,
169.3624,-44.0335,7.4,0.7,230,524,ZFT,Tippett,&,Kamp,1993a,,
169.3707,-43.9762,7.4,1.4,230,492,ZFT,Batt,et,"al.,",2000,,
169.3848,-44.0471,25,2,230,887,ZFT,Tippett,&,Kamp,1993a,,
169.3859,-44.0808,112,15,230,402,ZFT,Tippett,&,Kamp,1993a,,
169.4072,-44.0895,99,4,230,320,ZFT,Tippett,&,Kamp,1993a,,
169.4226,-43.977,48.8,7.8,230,83,ZFT,Kamp,et,al.,1989,,
169.423,-43.9769,12.5,0.9,230,83,ZFT,Batt,et,"al.,",2000,,
169.4476,-44.8653,76,4,230,358,ZFT,Tippett,&,Kamp,1993a,,
169.4884,-44.69,75,5,230,680,ZFT,Tippett,&,Kamp,1993a,,
169.4911,-43.7346,1.9,0.5,230,254,ZFT,Tippett,&,Kamp,1993a,,
169.5263,-44.6264,73,6,230,1284,ZFT,Tippett,&,Kamp,1993a,,
169.5439,-43.822,3.1,1,230,457,ZFT,Tippett,&,Kamp,1993b,,
169.5828,-44.5887,129,7,230,745,ZFT,Tippett,&,Kamp,1993a,,
169.6723,-44.563,79,12,230,1088,ZFT,Tippett,&,Kamp,1993a,,
169.6776,-44.0587,173,22,230,432,ZFT,Tippett,&,Kamp,1993a,,
169.7277,-44.5203,116,19,230,2054,ZFT,Tippett,&,Kamp,1993a,,
169.7396,-44.0078,107,5,230,252,ZFT,Tippett,&,Kamp,1993a,,
169.8084,-44.0018,112,13,230,719,ZFT,Tippett,&,Kamp,1993a,,
169.8123,-44.0583,128,6,230,584,ZFT,Tippett,&,Kamp,1993a,,
169.8132,-44.2254,182,13,230,938,ZFT,Tippett,&,Kamp,1993a,,
169.8323,-43.5738,0.3,0.1,230,239,ZFT,Batt,et,"al.,",2000,,
169.8377,-44.0891,219,12,230,575,ZFT,Tippett,&,Kamp,1993a,,
169.9044,-43.6163,0.4,0.1,230,326,ZFT,Batt,et,"al.,",2000,,
169.9058,-44.4406,0.6,0.2,230,270,ZFT,Tippett,&,Kamp,1993a,,
169.9455,-43.6381,0.6,0.1,230,571,ZFT,Batt,et,"al.,",2000,,
169.9467,-43.6282,1,0.1,230,626,ZFT,Tippett,&,Kamp,1993a,,
169.9754,-44.458,227,18,230,651,ZFT,Tippett,&,Kamp,1993a,,
170.0034,-43.4964,0.7,0.1,230,1040,ZFT,Batt,et,"al.,",2000,,
170.0046,-43.4974,0.2,0.1,230,1088,ZFT,Batt,et,"al.,",2000,,
170.0091,-43.5047,0.1,0.1,230,1244,ZFT,Batt,et,"al.,",2000,,
170.0208,-43.6588,3.7,0.5,230,673,ZFT,Tippett,&,Kamp,1993a,,
170.0356,-43.4664,0.8,0.4,230,444,ZFT,Kamp,et,al.,1989,,
170.0651,-43.6528,3.1,1,230,535,ZFT,Tippett,&,Kamp,1993a,,
170.0803,-44.54,198,16,230,441,ZFT,Tippett,&,Kamp,1993a,,
170.0915,-43.7362,225.3,35.2,230,901,ZFT,Kamp,et,al.,1989,,
170.1001,-43.7059,161,10,230,838,ZFT,Tippett,&,Kamp,1993a,,
170.1002,-43.5067,1.5,0.4,230,1008,ZFT,Kamp,et,al.,1989,,
170.1013,-43.6573,85,4,230,393,ZFT,Tippett,&,Kamp,1993a,,
170.1046,-43.6582,139,6,230,649,ZFT,Tippett,&,Kamp,1993a,,
170.1054,-43.509,0.9,0.1,230,1186,ZFT,herman2009,,,,,
170.1092,-43.6591,150,6,230,450,ZFT,Tippett,&,Kamp,1993a,,
170.1113,-43.6632,185,10,230,806,ZFT,Tippett,&,Kamp,1993a,,
170.1152,-43.5128,1,0.1,230,1438,ZFT,herman2009,,,,,
170.1191,-43.5084,1.5,0.3,230,1494,ZFT,herman2009,,,,,
170.1221,-43.739,132,9,230,583,ZFT,Tippett,&,Kamp,1993a,,
170.123,-43.5983,135,12,230,740,ZFT,Tippett,&,Kamp,1993a,,
170.1363,-43.5116,1.8,0.2,230,1817,ZFT,herman2009,,,,,
170.1377,-43.6018,143,11,230,868,ZFT,Tippett,&,Kamp,1993a,,
170.1434,-43.6002,134,11,230,871,ZFT,Tippett,&,Kamp,1993a,,
170.1462,-43.5109,1.3,0.2,230,1812,ZFT,herman2009,,,,,
170.1645,-43.3835,204,22,230,10,ZFT,Seward,&,Nathan,1990,,
170.1803,-43.4632,1.3,0.4,230,854,ZFT,Kamp,et,al.,1989,,
170.1805,-43.4015,1.1,0.4,230,202,ZFT,Kamp,et,al.,1989,,
170.1835,-43.5325,4.9,0.5,230,2357,ZFT,herman2009,,,,,
170.2038,-43.389,0.2,0.1,230,312,ZFT,Batt,et,"al.,",2000,,
170.2062,-43.3899,0.2,0.1,230,380,ZFT,Batt,et,"al.,",2000,,
170.2911,-44.6379,222,20,230,460,ZFT,Tippett,&,Kamp,1993a,,
170.4068,-43.3181,0.1,0.1,230,405,ZFT,Batt,et,"al.,",2000,,
170.4151,-43.4114,2.3,0.2,230,127,ZFT,Tippett,&,Kamp,1993a,,
170.4191,-43.3481,1.6,0.1,230,675,ZFT,Batt,et,"al.,",2000,,
170.4213,-43.3818,2.2,0.3,230,731,ZFT,Tippett,&,Kamp,1993a,,
170.4378,-43.3441,0.9,0.2,230,1046,ZFT,Tippett,&,Kamp,1993a,,
170.4398,-43.4231,3.9,0.4,230,164,ZFT,Tippett,&,Kamp,1993a,,
170.4571,-43.9887,171,10,230,610,ZFT,Tippett,&,Kamp,1993a,,
170.5013,-43.5241,197,8,230,711,ZFT,Tippett,&,Kamp,1993a,,
170.5015,-43.5792,207,15,230,626,ZFT,Tippett,&,Kamp,1993a,,
170.5022,-43.5397,238,17,230,554,ZFT,Tippett,&,Kamp,1993a,,
170.5051,-43.5027,180,12,230,890,ZFT,Tippett,&,Kamp,1993a,,
170.5052,-43.6311,185,13,230,625,ZFT,Tippett,&,Kamp,1993a,,
170.5167,-43.4256,1.9,0.1,230,2267,ZFT,herman2007,,,,,
170.5167,-43.4141,1.6,0.1,230,1974,ZFT,herman2007,,,,,
170.5167,-43.3628,1.1,0.1,230,705,ZFT,herman2007,,,,,
170.5167,-43.3607,1.3,0.2,230,620,ZFT,herman2007,,,,,
170.5167,-43.3607,1.8,0.2,230,620,ZFT,herman2007,,,,,
170.5167,-43.355,2.2,0.1,230,412,ZFT,herman2007,,,,,
170.5167,-43.3331,1.5,0.1,230,710,ZFT,herman2007,,,,,
170.5171,-43.6658,186,18,230,314,ZFT,Tippett,&,Kamp,1993a,,
170.5417,-43.6907,201,10,230,876,ZFT,Tippett,&,Kamp,1993a,,
170.5823,-43.3715,33,2,230,594,ZFT,Batt,et,"al.,",2000,,
170.5957,-44.0919,161,14,230,814,ZFT,Tippett,&,Kamp,1993a,,
170.5965,-43.388,49,3,230,1432,ZFT,Batt,et,"al.,",2000,,
170.5971,-43.1693,1,0.1,230,380,ZFT,Kamp,et,al.,1992,,
170.5976,-43.1323,1,0.22,230,290,ZFT,White,&,Green,1986,,
170.5994,-43.1677,0.6,0.1,230,397,ZFT,Kamp,et,al.,1992,,
170.6001,-43.1159,0.5,0.2,230,157,ZFT,White,&,Green,1986,,
170.6331,-43.089,74.9,3.8,230,269,ZFT,Kamp,et,al.,1992,,
170.6331,-43.089,75.1,7.6,230,96,ZFT,White,&,Green,1986,,
170.6356,-43.1011,77.8,5.5,230,69,ZFT,ring2010,,,,,
170.6389,-43.0831,99.1,10.1,230,504,ZFT,ring2010,,,,,
170.64,-43.0833,121.9,12.1,230,598,ZFT,ring2010,,,,,
170.6544,-43.0842,125.9,16.3,230,1071,ZFT,ring2010,,,,,
170.6706,-43.0847,90.5,8.9,230,1016,ZFT,ring2010,,,,,
170.6758,-43.0886,57.6,7.1,230,997,ZFT,ring2010,,,,,
170.6839,-43.085,102.4,8.6,230,979,ZFT,ring2010,,,,,
170.6902,-43.4566,126,7,230,925,ZFT,Batt,et,"al.,",2000,,
170.7022,-43.0775,82.5,5.4,230,311,ZFT,ring2010,,,,,
170.7025,-43.0756,101.4,6.6,230,387,ZFT,ring2010,,,,,
170.7028,-43.4811,130,9,230,851,ZFT,Batt,et,"al.,",2000,,
170.7097,-43.0714,78.9,8.2,230,220,ZFT,Kamp,et,al.,1992,,
170.7097,-43.0714,79.1,16.4,230,295,ZFT,White,&,Green,1986,,
170.7099,-43.4912,180,10,230,871,ZFT,Batt,et,"al.,",2000,,
170.7107,-43.3714,0.7,0.2,230,2060,ZFT,Batt,et,"al.,",2000,,
170.7128,-43.0689,74.9,7.2,230,85,ZFT,ring2010,,,,,
170.7153,-44.0319,96,17,230,482,ZFT,Tippett,&,Kamp,1993a,,
170.7171,-43.1027,8,0.7,230,323,ZFT,Kamp,et,al.,1992,,
170.7171,-43.1027,8,1.4,230,173,ZFT,White,&,Green,1986,,
170.7171,-43.1011,9.7,0.8,230,290,ZFT,Kamp,et,al.,1992,,
170.7171,-43.1011,9.7,1,230,243,ZFT,White,&,Green,1986,,
170.7192,-43.1126,8.9,0.8,230,323,ZFT,White,&,Green,1986,,
170.7192,-43.1126,9.4,0.7,230,221,ZFT,Kamp,et,al.,1992,,
170.7192,-43.1126,9.5,1.6,230,1230,ZFT,White,&,Green,1986,,
170.7711,-43.378,165,8,230,850,ZFT,Tippett,&,Kamp,1993a,,
170.7845,-43.3929,150,14,230,308,ZFT,Tippett,&,Kamp,1993a,,
170.7978,-43.4127,130,10,230,473,ZFT,Tippett,&,Kamp,1993a,,
170.8036,-42.909,373.9,63.3,230,181,ZFT,Kamp,et,al.,1992,,
170.8067,-42.9313,418.9,46.9,230,400,ZFT,Kamp,et,al.,1992,,
170.8088,-42.9404,322.6,35.9,230,575,ZFT,Kamp,et,al.,1992,,
170.8188,-42.9495,415.8,46.6,230,728,ZFT,Kamp,et,al.,1992,,
170.8246,-43.4359,157,15,230,1019,ZFT,Tippett,&,Kamp,1993a,,
170.8504,-44.2969,158,11,230,818,ZFT,Tippett,&,Kamp,1993a,,
170.8532,-43.5085,165,16,230,853,ZFT,Tippett,&,Kamp,1993a,,
170.8651,-42.9119,179.2,11,230,178,ZFT,Kamp,et,al.,1992,,
170.8863,-43.9218,242,23,230,212,ZFT,Tippett,&,Kamp,1993a,,
170.888,-43.5326,144,9,230,967,ZFT,Tippett,&,Kamp,1993a,,
170.8975,-44.0544,192,23,230,704,ZFT,Tippett,&,Kamp,1993a,,
171.0032,-43.0047,1.3,0.2,230,661,ZFT,Tippett,&,Kamp,1993a,,
171.0411,-43.0337,1.2,0.3,230,1068,ZFT,Tippett,&,Kamp,1993a,,
171.0578,-43.0593,3.4,0.8,230,1208,ZFT,Tippett,&,Kamp,1993a,,
171.0688,-42.9276,8.7,0.9,230,159,ZFT,Kamp,et,al.,1992,,
171.0688,-42.9276,9.6,1.2,230,140,ZFT,White,&,Green,1986,,
171.0842,-44.126,150,9,230,1103,ZFT,Tippett,&,Kamp,1993a,,
171.1058,-42.9113,1.1,0.2,230,219,ZFT,Kamp,et,al.,1992,,
171.1058,-42.9113,1.3,0.22,230,159,ZFT,White,&,Green,1986,,
171.1061,-42.8809,57.3,5.8,230,0,ZFT,White,&,Green,1986,,
171.1081,-42.9138,0.7,0.1,230,306,ZFT,Kamp,et,al.,1992,,
171.1104,-42.8957,20.4,14.2,230,114,ZFT,White,&,Green,1986,,
171.1104,-42.8957,20.4,7.1,230,96,ZFT,Kamp,et,al.,1992,,
171.1114,-42.9146,0.7,0.2,230,341,ZFT,Kamp,et,al.,1992,,
171.1139,-42.8817,57.2,2.9,230,100,ZFT,Kamp,et,al.,1992,,
171.125,-42.899,16.3,11.4,230,114,ZFT,White,&,Green,1986,,
171.125,-42.899,16.3,5.7,230,112,ZFT,Kamp,et,al.,1992,,
171.1497,-42.8859,7.3,0.8,230,221,ZFT,White,&,Green,1986,,
171.1497,-42.8859,7.9,0.9,230,157,ZFT,Kamp,et,al.,1992,,
171.17,-42.8448,80,4.7,230,333,ZFT,Kamp,et,al.,1992,,
171.17,-42.8448,80.2,9.4,230,220,ZFT,White,&,Green,1986,,
171.2065,-43.6408,134,7,230,434,ZFT,Tippett,&,Kamp,1993a,,
171.2303,-43.6507,120,9,230,968,ZFT,Tippett,&,Kamp,1993a,,
171.3124,-42.753,20.6,1.8,230,269,ZFT,White,&,Green,1986,,
171.3124,-42.753,20.6,0.9,230,173,ZFT,Kamp,et,al.,1992,,
171.3231,-43.674,96,6,230,440,ZFT,Tippett,&,Kamp,1993a,,
171.3246,-42.7596,15.6,1.8,230,140,ZFT,Kamp,et,al.,1992,,
171.3246,-42.7596,15.6,3.6,230,112,ZFT,White,&,Green,1986,,
171.3373,-43.0592,135,7,230,974,ZFT,Tippett,&,Kamp,1993a,,
171.3394,-43.0864,119,8,230,738,ZFT,Tippett,&,Kamp,1993a,,
171.3613,-42.0726,79.4,24.1,230,352,ZFT,Seward,1989,,,,
171.3719,-43.13,144,20,230,500,ZFT,Tippett,&,Kamp,1993a,,
171.4247,-43.1745,127,5,230,398,ZFT,Tippett,&,Kamp,1993a,,
171.4286,-42.6519,38,1.8,230,174,ZFT,Kamp,et,al.,1992,,
171.4356,-41.9053,81.9,11.6,230,55,ZFT,White,&,Green,1986,,
171.4431,-42.7366,4.3,1.8,230,140,ZFT,White,&,Green,1986,,
171.4431,-42.7243,15.4,0.9,230,140,ZFT,Kamp,et,al.,1992,,
171.4431,-42.7243,15.4,1.8,230,65,ZFT,White,&,Green,1986,,
171.4475,-42.735,4.3,1.8,230,213,ZFT,Kamp,et,al.,1989,,
171.452,-41.7741,95.8,19.2,230,0,ZFT,Seward,1989,,,,
171.4532,-41.775,92.4,18.4,230,0,ZFT,Seward,1989,,,,
171.4595,-41.7634,99.1,19.9,230,167,ZFT,Seward,1989,,,,
171.4646,-41.75,97.1,19,230,0,ZFT,Seward,1989,,,,
171.4777,-42.7457,1.7,0.5,230,144,ZFT,Tippett,&,Kamp,1993a,,
171.5129,-42.1512,84,6.6,230,1051,ZFT,Seward,&,White,1992,,
171.5302,-42.7482,2.7,0.6,230,243,ZFT,Kamp,et,al.,1989,,
171.5503,-42.7605,4.6,0.6,230,718,ZFT,Tippett,&,Kamp,1993b,,
171.5593,-42.9095,156.6,29.2,230,998,ZFT,Kamp,et,al.,1989,,
171.5594,-42.9325,161,10,230,1803,ZFT,Tippett,&,Kamp,1993a,,
171.566,-42.8124,102.8,13.8,230,454,ZFT,Kamp,et,al.,1989,,
171.5717,-42.9597,184,8,230,511,ZFT,Tippett,&,Kamp,1993a,,
171.5889,-42.055,64.2,6.4,230,1170,ZFT,Seward,&,White,1992,,
171.5903,-43.3761,149,8,230,742,ZFT,Tippett,&,Kamp,1993a,,
171.5905,-42.7646,55,21.8,230,332,ZFT,Kamp,et,al.,1989,,
171.5916,-42.7654,14,1,230,494,ZFT,Tippett,&,Kamp,1993a,,
171.5919,-42.9811,207.7,25.4,230,731,ZFT,Kamp,et,al.,1989,,
171.614,-42.7802,87.2,10.2,230,352,ZFT,Kamp,et,al.,1989,,
171.6564,-42.767,22,4,230,838,ZFT,Tippett,&,Kamp,1993a,,
171.6588,-42.0648,92.8,10.8,230,769,ZFT,Seward,&,White,1992,,
171.6851,-42.0165,96.3,8.9,230,1080,ZFT,Seward,&,White,1992,,
171.6852,-42.0696,92.6,10,230,1014,ZFT,Seward,&,White,1992,,
171.7171,-42.1078,90.2,14.8,230,352,ZFT,Seward,&,White,1992,,
171.7171,-42.1078,95.8,5.7,230,596,ZFT,Seward,1989,,,,
171.7299,-43.0105,197.1,25.8,230,671,ZFT,Kamp,et,al.,1989,,
171.7595,-41.9823,89.9,11.5,230,494,ZFT,Seward,&,White,1992,,
171.7626,-43.3051,176.9,20.8,230,740,ZFT,Kamp,et,al.,1989,,
171.7663,-43.1323,186.1,24.8,230,702,ZFT,Kamp,et,al.,1989,,
171.7694,-43.3125,185.8,20.6,230,642,ZFT,Kamp,et,al.,1989,,
171.7954,-43.3305,178.2,20.8,230,579,ZFT,Kamp,et,al.,1989,,
171.8671,-41.6287,92.2,20.5,230,0,ZFT,Seward,1989,,,,
171.8677,-41.5963,108.9,14.4,230,772,ZFT,Seward,1989,,,,
171.8677,-41.5963,162.8,13,230,713,ZFT,Seward,1989,,,,
171.9402,-42.2119,54.1,8.2,230,1344,ZFT,Seward,&,Tulloch,1991,,
171.9402,-42.2119,72.4,11.9,230,0,ZFT,Seward,1989,,,,
171.9622,-42.2715,63,19.9,230,1218,ZFT,Seward,&,Tulloch,1991,,
171.9671,-41.8268,19.4,3.5,230,494,ZFT,Seward,1989,,,,
171.9671,-41.8268,113,24.9,230,518,ZFT,Seward,1989,,,,
171.9862,-42.6509,38.1,3.4,230,333,ZFT,White,&,Green,1986,,
171.9984,-42.2826,41.6,6.6,230,596,ZFT,Seward,1989,,,,
171.9984,-42.2826,56.5,7.1,230,330,ZFT,Seward,1989,,,,
171.9984,-42.2826,62.1,7.4,230,330,ZFT,Seward,&,Tulloch,1991,,
172.014,-42.2927,51.6,6.4,230,667,ZFT,Seward,&,Tulloch,1991,,
172.016,-42.4812,2.6,1.3,230,354,ZFT,Tippett,&,Kamp,1993a,,
172.0371,-42.2884,66.8,6.8,230,596,ZFT,Seward,&,Tulloch,1991,,
172.0562,-42.5048,5.7,1.2,230,418,ZFT,Tippett,&,Kamp,1993a,,
172.0618,-42.5056,7.6,1,230,432,ZFT,Tippett,&,Kamp,1993a,,
172.0666,-42.2625,73.3,8.4,230,772,ZFT,Seward,&,Tulloch,1991,,
172.0774,-42.5039,92,6,230,399,ZFT,Tippett,&,Kamp,1993a,,
172.0886,-42.2501,77.8,9.6,230,537,ZFT,Seward,&,Tulloch,1991,,
172.0964,-42.3006,89.3,13.2,230,0,ZFT,Seward,1989,,,,
172.1156,-42.3097,63.4,11.8,230,423,ZFT,Seward,&,Tulloch,1991,,
172.1156,-42.3097,69.7,8.9,230,1036,ZFT,Seward,&,Tulloch,1991,,
172.1156,-42.3097,84.9,15.8,230,0,ZFT,Seward,1989,,,,
172.1196,-42.1117,45.8,9,230,882,ZFT,Seward,&,Tulloch,1991,,
172.1461,-42.3,66.6,8.9,230,1395,ZFT,Seward,&,Tulloch,1991,,
172.1503,-42.346,54,11,230,772,ZFT,Seward,&,Tulloch,1991,,
172.1972,-42.3732,2.1,0.4,230,141,ZFT,Tippett,&,Kamp,1993a,,
172.1994,-42.3748,3,0.2,230,274,ZFT,Tippett,&,Kamp,1993a,,
172.2435,-42.3482,3.7,0.8,230,381,ZFT,Tippett,&,Kamp,1993a,,
172.2436,-42.3573,3.4,0.2,230,354,ZFT,Tippett,&,Kamp,1993a,,
172.2457,-42.3482,2.2,0.5,230,142,ZFT,Tippett,&,Kamp,1993a,,
172.2525,-42.363,5.3,0.8,230,729,ZFT,Tippett,&,Kamp,1993b,,
172.2761,-42.3858,84,5,230,341,ZFT,Tippett,&,Kamp,1993a,,
172.3028,-42.3848,109,8,230,607,ZFT,Tippett,&,Kamp,1993a,,
172.3505,-42.5483,181,10,230,1669,ZFT,Tippett,&,Kamp,1993a,,
172.3704,-42.3761,136,9,230,770,ZFT,Tippett,&,Kamp,1993a,,
172.3959,-42.3759,164,11,230,379,ZFT,Tippett,&,Kamp,1993a,,
172.3985,-42.4006,198,11,230,821,ZFT,Tippett,&,Kamp,1993a,,
172.4023,-42.4318,191,11,230,2539,ZFT,Tippett,&,Kamp,1993a,,
172.4502,-42.5903,209,21,230,413,ZFT,Tippett,&,Kamp,1993a,,
172.5146,-42.0223,9.5,0.6,230,540,ZFT,kao2002,,,,,
172.5216,-42.5988,192,18,230,724,ZFT,Tippett,&,Kamp,1993a,,
172.5242,-42.0323,6.8,0.5,230,440,ZFT,kao2002,,,,,
172.5242,-42.0323,7.3,0.5,230,440,ZFT,kao2002,,,,,
172.5279,-42.0323,10,0.9,230,460,ZFT,kao2002,,,,,
172.5784,-42.5933,186,22,230,640,ZFT,Tippett,&,Kamp,1993a,,
172.666,-42.5752,152,18,230,507,ZFT,Tippett,&,Kamp,1993a,,
172.743,-42.5809,199,12,230,265,ZFT,Tippett,&,Kamp,1993a,,
172.7698,-42.6407,126,15,230,466,ZFT,Tippett,&,Kamp,1993a,,
172.772,-42.2914,221.8,16.5,230,1040,ZFT,kao2002,,,,,
172.776,-42.1906,192.6,42.5,230,1040,ZFT,kao2002,,,,,
172.7852,-42.3491,255.7,19.3,230,900,ZFT,kao2002,,,,,
172.7931,-42.689,184,13,230,1010,ZFT,Tippett,&,Kamp,1993a,,
172.7946,-42.4211,175.4,16.7,230,840,ZFT,kao2002,,,,,
172.8403,-42.1448,246.6,39.7,230,920,ZFT,kao2002,,,,,
172.8565,-42.4527,137.8,8.4,230,800,ZFT,kao2002,,,,,
172.8653,-41.8045,247.9,17.1,230,700,ZFT,kao2002,,,,,
172.8783,-42.4996,166,15.6,230,700,ZFT,kao2002,,,,,
172.8903,-41.9747,166.7,8.9,230,800,ZFT,kao2002,,,,,
172.9088,-42.4573,157.5,17.9,230,760,ZFT,kao2002,,,,,
172.9161,-42.4402,165.5,11.5,230,400,ZFT,kao2002,,,,,
172.9191,-42.0846,222.3,14.9,230,940,ZFT,kao2002,,,,,
172.9194,-40.8023,101,7,230,0,ZFT,Harrison,&,McDougall,1980,,
172.9312,-42.0675,158.9,9.7,230,980,ZFT,kao2002,,,,,
172.9327,-41.8145,176.3,11.4,230,620,ZFT,kao2002,,,,,
172.9382,-40.9428,92.9,1.6,230,1023,ZFT,Harrison,&,McDougall,1980,,
172.949,-42.4015,15.5,13.2,230,780,ZFT,kao2002,,,,,
168.0108,-44.8806,2.1,0.8,100,1993,AFT,sutherland2009,,,,,
168.0168,-44.8767,2.2,0.6,100,1707,AFT,sutherland2009,,,,,
168.0178,-44.8027,2.7,1.6,100,701,AFT,sutherland2009,,,,,
168.0206,-44.8727,1.3,0.6,100,1359,AFT,sutherland2009,,,,,
168.023,-44.8711,2.7,0.8,100,1173,AFT,sutherland2009,,,,,
168.0283,-44.8796,3.9,1,100,808,AFT,sutherland2009,,,,,
168.0334,-44.8706,2,0.8,100,808,AFT,sutherland2009,,,,,
168.0428,-44.7911,2.4,0.8,100,2195,AFT,sutherland2009,,,,,
168.0483,-44.8151,3.2,2.4,100,640,AFT,sutherland2009,,,,,
168.0735,-44.8183,2.5,1,100,442,AFT,sutherland2009,,,,,
168.0782,-44.8177,1.7,1.4,100,427,AFT,sutherland2009,,,,,
168.0852,-44.817,2.4,1,100,410,AFT,sutherland2009,,,,,
168.0929,-44.8033,2.8,1.6,100,610,AFT,sutherland2009,,,,,
168.0934,-44.7753,1.9,1.4,100,1890,AFT,sutherland2009,,,,,
168.0977,-44.7804,2,1,100,1554,AFT,sutherland2009,,,,,
168.0998,-44.8043,1.7,0.4,100,381,AFT,sutherland2009,,,,,
168.0999,-44.7829,2.1,0.6,100,1408,AFT,sutherland2009,,,,,
168.1106,-44.7775,1.2,0.6,100,914,AFT,sutherland2009,,,,,
168.1347,-44.8794,2.9,0.8,100,1548,AFT,sutherland2009,,,,,
168.6134,-43.9758,17.5,3.2,100,0,AFT,Seward,&,Nathan,1990,,
168.6146,-43.9775,42.7,2.7,100,0,AFT,Kamp,et,al.,1992,,
168.6245,-43.9852,24.6,2.5,100,0,AFT,Kamp,et,al.,1992,,
168.6535,-43.9999,7,0.8,100,42,AFT,Kamp,et,al.,1992,,
168.665,-44.4495,0.1,0,100,622,AFT,Tippett,&,Kamp,1993b,,
168.6712,-44.4389,0.1,0,100,572,AFT,Tippett,&,Kamp,1993b,,
168.6763,-44.5017,0.1,0,100,575,AFT,Tippett,&,Kamp,1993a,,
168.6915,-44.1605,0.1,0,100,164,AFT,Tippett,&,Kamp,1993a,,
168.7162,-44.5083,0.1,0,100,572,AFT,Tippett,&,Kamp,1993b,,
168.7213,-44.0547,2,0.5,100,10,AFT,Seward,&,Nathan,1990,,
168.7213,-44.0547,2.3,1.3,100,10,AFT,Seward,&,Nathan,1990,,
168.7229,-44.0502,2,0.3,100,27,AFT,Kamp,et,al.,1992,,
168.7231,-44.0461,5.5,1.1,100,44,AFT,Kamp,et,al.,1992,,
168.7288,-44.5064,0.1,0,100,548,AFT,Tippett,&,Kamp,1993b,,
168.7737,-44.5089,0.1,0,100,700,AFT,Tippett,&,Kamp,1993b,,
168.8267,-44.4929,0.1,0,100,433,AFT,Tippett,&,Kamp,1993a,,
168.9789,-44.6543,58,6,100,341,AFT,Tippett,&,Kamp,1993a,,
169.0322,-44.2408,0.1,0,100,457,AFT,Tippett,&,Kamp,1993a,,
169.0471,-44.1835,0.1,0,100,704,AFT,Tippett,&,Kamp,1993b,,
169.0489,-43.8914,2,0.4,100,27,AFT,Kamp,et,al.,1992,,
169.0492,-44.1877,0.1,0,100,718,AFT,Tippett,&,Kamp,1993b,,
169.0585,-43.8529,5.6,0.8,100,30,AFT,Kamp,et,al.,1992,,
169.0622,-44.206,0.1,0,100,729,AFT,Tippett,&,Kamp,1993b,,
169.1842,-44.7401,53,6,100,473,AFT,Tippett,&,Kamp,1993a,,
169.1885,-44.3988,1,1,100,354,AFT,Tippett,&,Kamp,1993a,,
169.1904,-44.8736,0.1,0,100,1803,AFT,Tippett,&,Kamp,1993a,,
169.1927,-44.4391,0.1,0,100,440,AFT,Tippett,&,Kamp,1993a,,
169.1949,-44.44,11.3,7.9,100,443,AFT,Kamp,et,al.,1989,,
169.1985,-44.8745,0.1,0,100,1669,AFT,Tippett,&,Kamp,1993a,,
169.2048,-44.878,0.1,0,100,1437,AFT,Tippett,&,Kamp,1993a,,
169.2098,-44.4411,0.1,0,100,393,AFT,Tippett,&,Kamp,1993a,,
169.2153,-44.8864,27,10,100,887,AFT,Tippett,&,Kamp,1993a,,
169.2217,-44.2529,0.1,0,100,398,AFT,Tippett,&,Kamp,1993a,,
169.2243,-44.4529,8.3,2.4,100,429,AFT,Kamp,et,al.,1989,,
169.2347,-44.895,0.1,0,100,625,AFT,Tippett,&,Kamp,1993a,,
169.2396,-44.4426,0.1,0,100,440,AFT,Tippett,&,Kamp,1993a,,
169.2446,-44.4632,31.2,19.6,100,380,AFT,Kamp,et,al.,1989,,
169.2473,-44.511,35.3,19.6,100,464,AFT,Kamp,et,al.,1989,,
169.2511,-44.4428,0.1,0,100,399,AFT,Tippett,&,Kamp,1993a,,
169.2659,-43.6972,97,4.5,100,0,AFT,Seward,&,Nathan,1990,,
169.2684,-44.4398,14,5,100,447,AFT,Tippett,&,Kamp,1993a,,
169.2715,-43.7199,3.9,0.5,100,22,AFT,Kamp,et,al.,1992,,
169.2835,-45.0992,33,4,100,252,AFT,Tippett,&,Kamp,1993a,,
169.2995,-44.4371,5,1.3,100,379,AFT,Tippett,&,Kamp,1993a,,
169.3003,-43.8244,1.3,0.3,100,1045,AFT,"Batt,",G.,E.,et,"al,",1999
169.3046,-43.9552,0.1,0,100,270,AFT,Batt,et,"al.,",2000,,
169.3067,-44.4299,7.3,2,100,399,AFT,Tippett,&,Kamp,1993a,,
169.3096,-43.8148,1.3,0.3,100,1191,AFT,"Batt,",G.,E.,et,"al,",1999
169.3106,-43.8175,1.8,0.5,100,1158,AFT,"Batt,",G.,E.,et,"al,",1999
169.3137,-44.8562,48,4,100,325,AFT,Tippett,&,Kamp,1993a,,
169.3221,-43.8134,1.5,0.3,100,1110,AFT,"Batt,",G.,E.,et,"al,",1999
169.3321,-43.8128,1.5,0.3,100,1179,AFT,"Batt,",G.,E.,et,"al,",1999
169.3333,-43.9564,0.1,0,100,219,AFT,Tippett,&,Kamp,1993a,,
169.34,-43.7714,3.5,0.7,100,81,AFT,Kamp,et,al.,1992,,
169.3445,-44.1179,17.2,8.7,100,599,AFT,Kamp,et,al.,1989,,
169.355,-43.9543,0.1,0,100,144,AFT,Tippett,&,Kamp,1993a,,
169.357,-43.7733,4,0.8,100,128,AFT,Kamp,et,al.,1992,,
169.3624,-44.0335,2,0.8,100,142,AFT,Tippett,&,Kamp,1993a,,
169.3691,-43.9608,0.1,0,100,151,AFT,Tippett,&,Kamp,1993a,,
169.3707,-43.9762,0.1,0,100,492,AFT,Batt,et,"al.,",2000,,
169.3731,-44.0393,0.1,0,100,347,AFT,Tippett,&,Kamp,1993a,,
169.3848,-44.0471,0.1,0,100,418,AFT,Tippett,&,Kamp,1993a,,
169.3859,-44.0808,5.8,3.3,100,625,AFT,Tippett,&,Kamp,1993a,,
169.4072,-44.0895,7.8,3.8,100,1376,AFT,Tippett,&,Kamp,1993a,,
169.423,-43.9769,0.1,0,100,83,AFT,Batt,et,"al.,",2000,,
169.4476,-44.8653,35,8,100,320,AFT,Tippett,&,Kamp,1993a,,
169.4884,-44.69,57,4,100,454,AFT,Tippett,&,Kamp,1993a,,
169.4911,-43.7346,0.1,0,100,141,AFT,Tippett,&,Kamp,1993a,,
169.5097,-44.7413,68,6,100,447,AFT,Tippett,&,Kamp,1993a,,
169.5099,-43.7706,0.1,0,100,79,AFT,Tippett,&,Kamp,1993b,,
169.5263,-44.6264,55,5,100,598,AFT,Tippett,&,Kamp,1993a,,
169.5828,-44.5887,68,5,100,741,AFT,Tippett,&,Kamp,1993a,,
169.6723,-44.563,69,6,100,821,AFT,Tippett,&,Kamp,1993a,,
169.6776,-44.0587,112,28,100,2054,AFT,Tippett,&,Kamp,1993a,,
169.7277,-44.5203,57,6,100,651,AFT,Tippett,&,Kamp,1993a,,
169.7396,-44.0078,1.1,0.5,100,838,AFT,Tippett,&,Kamp,1993a,,
169.8084,-44.0018,0.1,0,100,740,AFT,Tippett,&,Kamp,1993a,,
169.8123,-44.0583,4.9,0.8,100,649,AFT,Tippett,&,Kamp,1993a,,
169.8132,-44.2254,63,6,100,575,AFT,Tippett,&,Kamp,1993a,,
169.8214,-43.5924,0.1,0,100,74,AFT,Batt,et,"al.,",2000,,
169.8323,-43.5738,0.7,0.5,100,239,AFT,Batt,et,"al.,",2000,,
169.8377,-44.0891,41,5,100,620,AFT,Tippett,&,Kamp,1993a,,
169.9044,-43.6163,0.2,0.2,100,326,AFT,Batt,et,"al.,",2000,,
169.9455,-43.6381,0.1,0,100,571,AFT,Batt,et,"al.,",2000,,
169.9467,-43.6282,0.1,0,100,518,AFT,Tippett,&,Kamp,1993a,,
169.9754,-44.458,61,6,100,441,AFT,Tippett,&,Kamp,1993a,,
170.0034,-43.4964,0.5,0.5,100,1040,AFT,Batt,et,"al.,",2000,,
170.0046,-43.4974,0.1,0,100,1088,AFT,Batt,et,"al.,",2000,,
170.0091,-43.5047,0.9,0.9,100,1244,AFT,Batt,et,"al.,",2000,,
170.0208,-43.6588,0.1,0,100,969,AFT,Tippett,&,Kamp,1993a,,
170.0333,-43.4909,0.1,0,100,376,AFT,Tippett,&,Kamp,1993a,,
170.0566,-43.342,2.9,1.9,100,105,AFT,Seward,&,Nathan,1990,,
170.0588,-43.5015,0.1,0,100,479,AFT,Tippett,&,Kamp,1993a,,
170.0651,-43.6528,0.1,0,100,1208,AFT,Tippett,&,Kamp,1993a,,
170.0803,-44.54,75,8,100,402,AFT,Tippett,&,Kamp,1993a,,
170.083,-44.2858,96,16,100,464,AFT,Tippett,&,Kamp,1993b,,
170.0915,-43.7362,23.4,18.4,100,901,AFT,Kamp,et,al.,1989,,
170.1001,-43.7059,1,0.7,100,968,AFT,Tippett,&,Kamp,1993a,,
170.1013,-43.6573,0.1,0,100,1708,AFT,Tippett,&,Kamp,1993a,,
170.1024,-43.4631,96,8,100,1283,AFT,Tippett,&,Kamp,1993a,,
170.1046,-43.6582,0.1,0,100,1515,AFT,Tippett,&,Kamp,1993a,,
170.1092,-43.6591,0.9,0.6,100,1284,AFT,Tippett,&,Kamp,1993a,,
170.1113,-43.6632,0.5,0.5,100,1103,AFT,Tippett,&,Kamp,1993a,,
170.1221,-43.739,1.4,0.5,100,742,AFT,Tippett,&,Kamp,1993a,,
170.1283,-43.3925,2.6,0.6,100,179,AFT,Seward,&,Nathan,1990,,
170.1377,-43.6018,0.7,0.7,100,3280,AFT,Tippett,&,Kamp,1993a,,
170.1434,-43.6002,0.1,0,100,3319,AFT,Tippett,&,Kamp,1993a,,
170.1645,-43.3835,1.4,0.8,100,143,AFT,Seward,&,Nathan,1990,,
170.177,-43.4342,0.1,0,100,393,AFT,Batt,et,"al.,",2000,,
170.2013,-43.3889,1,0.7,100,318,AFT,Batt,et,"al.,",2000,,
170.2038,-43.389,1,1,100,312,AFT,Batt,et,"al.,",2000,,
170.2062,-43.3899,2.9,2.9,100,380,AFT,Batt,et,"al.,",2000,,
170.2911,-44.6379,108,7,100,314,AFT,Tippett,&,Kamp,1993a,,
170.3007,-43.374,63,5,100,1073,AFT,Tippett,&,Kamp,1993a,,
170.4068,-43.3181,1.4,1.4,100,405,AFT,Batt,et,"al.,",2000,,
170.4151,-43.4114,0.1,0,100,466,AFT,Tippett,&,Kamp,1993a,,
170.4191,-43.3481,0.3,0.3,100,675,AFT,Batt,et,"al.,",2000,,
170.4213,-43.3818,0.1,0,100,274,AFT,Tippett,&,Kamp,1993a,,
170.4378,-43.3441,0.1,0,100,270,AFT,Tippett,&,Kamp,1993a,,
170.4398,-43.4231,0.1,0,100,731,AFT,Tippett,&,Kamp,1993a,,
170.4571,-43.9887,50,6,100,838,AFT,Tippett,&,Kamp,1993a,,
170.5013,-43.5241,0.1,0,100,1078,AFT,Tippett,&,Kamp,1993a,,
170.5015,-43.5792,4.8,1,100,1010,AFT,Tippett,&,Kamp,1993a,,
170.5022,-43.5397,1.1,0.5,100,1019,AFT,Tippett,&,Kamp,1993a,,
170.5051,-43.5027,0.1,0,100,1088,AFT,Tippett,&,Kamp,1993a,,
170.5052,-43.6311,14,4,100,890,AFT,Tippett,&,Kamp,1993a,,
170.5171,-43.6658,28,4,100,853,AFT,Tippett,&,Kamp,1993a,,
170.5417,-43.6907,43,7,100,770,AFT,Tippett,&,Kamp,1993a,,
170.5823,-43.3715,1.9,1.1,100,594,AFT,Batt,et,"al.,",2000,,
170.5957,-44.0919,51,8,100,719,AFT,Tippett,&,Kamp,1993a,,
170.5965,-43.388,2.1,0.4,100,1432,AFT,Batt,et,"al.,",2000,,
170.6331,-43.089,9.4,2.2,100,269,AFT,Kamp,et,al.,1992,,
170.6353,-43.0833,7.3,0.8,100,411,AFT,ring2010,,,,,
170.6356,-43.0839,6.3,0.8,100,69,AFT,ring2010,,,,,
170.6389,-43.0831,11.1,1.9,100,504,AFT,ring2010,,,,,
170.64,-43.0833,7.2,1.1,100,598,AFT,ring2010,,,,,
170.6544,-43.0842,8.6,1.5,100,1071,AFT,ring2010,,,,,
170.6758,-43.0886,15.8,6.2,100,997,AFT,ring2010,,,,,
170.6839,-43.085,10.1,2.2,100,979,AFT,ring2010,,,,,
170.6902,-43.4566,0.3,0.3,100,925,AFT,Batt,et,"al.,",2000,,
170.7022,-43.0775,5.3,1,100,311,AFT,ring2010,,,,,
170.7025,-43.0756,6.4,0.8,100,387,AFT,ring2010,,,,,
170.7036,-43.0408,7.8,0.7,100,82,AFT,ring2010,,,,,
170.7097,-43.0714,3.5,0.4,100,220,AFT,Kamp,et,al.,1992,,
170.7099,-43.4912,16,3,100,871,AFT,Batt,et,"al.,",2000,,
170.7131,-43.0689,5.9,0.7,100,85,AFT,ring2010,,,,,
170.7153,-44.0319,50,10,100,466,AFT,Tippett,&,Kamp,1993a,,
170.7171,-43.1011,0.3,0.3,100,290,AFT,Kamp,et,al.,1992,,
170.7361,-43.0789,5.9,0.8,100,115,AFT,ring2010,,,,,
170.7711,-43.378,0.1,0,100,974,AFT,Tippett,&,Kamp,1993a,,
170.7845,-43.3929,0.1,0,100,938,AFT,Tippett,&,Kamp,1993a,,
170.7978,-43.4127,3.9,0.8,100,806,AFT,Tippett,&,Kamp,1993a,,
170.8036,-42.909,89.1,8.7,100,181,AFT,Kamp,et,al.,1992,,
170.8067,-42.9313,112.6,8.9,100,400,AFT,Kamp,et,al.,1992,,
170.8088,-42.9404,77.6,7,100,575,AFT,Kamp,et,al.,1992,,
170.809,-44.894,112,56,100,144,AFT,Tippett,&,Kamp,1993b,,
170.8246,-43.4359,15,4,100,814,AFT,Tippett,&,Kamp,1993a,,
170.8532,-43.5085,41,6,100,626,AFT,Tippett,&,Kamp,1993a,,
170.8593,-43.474,38,4,100,737,AFT,Tippett,&,Kamp,1993a,,
170.8651,-42.9168,72,3.3,100,197,AFT,Kamp,et,al.,1992,,
170.8651,-42.9119,82.5,7.9,100,178,AFT,Kamp,et,al.,1992,,
170.8863,-43.9218,59,7,100,500,AFT,Tippett,&,Kamp,1993a,,
170.888,-43.5326,49,6,100,607,AFT,Tippett,&,Kamp,1993a,,
170.8975,-44.0544,47,5,100,413,AFT,Tippett,&,Kamp,1993a,,
171.0032,-43.0047,0.1,0,100,127,AFT,Tippett,&,Kamp,1993a,,
171.0411,-43.0337,0.1,0,100,354,AFT,Tippett,&,Kamp,1993a,,
171.0578,-43.0593,0.1,0,100,524,AFT,Tippett,&,Kamp,1993a,,
171.0688,-42.9276,2,0.3,100,159,AFT,Kamp,et,al.,1992,,
171.0842,-44.126,48,8,100,225,AFT,Tippett,&,Kamp,1993a,,
171.1104,-42.8957,0.8,0.6,100,96,AFT,Kamp,et,al.,1992,,
171.1139,-42.8817,4.3,0.5,100,100,AFT,Kamp,et,al.,1992,,
171.1497,-42.8859,1.6,0.9,100,157,AFT,Kamp,et,al.,1992,,
171.17,-42.8448,3.8,0.5,100,333,AFT,Kamp,et,al.,1992,,
171.2065,-43.6408,65,7,100,574,AFT,Tippett,&,Kamp,1993a,,
171.2303,-43.6507,86,9,100,583,AFT,Tippett,&,Kamp,1993a,,
171.2466,-42.3725,25.9,3.9,100,25,AFT,Kamp,and,"Whitehouse,",1999,,
171.2599,-42.3754,27.1,1.9,100,82,AFT,Kamp,and,"Whitehouse,",1999,,
171.2687,-42.3639,14.4,2.6,100,202,AFT,Kamp,and,"Whitehouse,",1999,,
171.2687,-42.3639,20.4,3.5,100,202,AFT,Kamp,and,"Whitehouse,",1999,,
171.2705,-42.3423,35.6,4.5,100,199,AFT,Kamp,and,"Whitehouse,",1999,,
171.2705,-42.3423,36.8,3.5,100,199,AFT,Kamp,and,"Whitehouse,",1999,,
171.2705,-42.3423,49.4,3.7,100,199,AFT,Kamp,and,"Whitehouse,",1999,,
171.2723,-42.3216,45.1,4.6,100,44,AFT,Kamp,and,"Whitehouse,",1999,,
171.2738,-42.3567,12.3,2.3,100,236,AFT,Kamp,and,"Whitehouse,",1999,,
171.2738,-42.3567,13.8,1.6,100,236,AFT,Kamp,and,"Whitehouse,",1999,,
171.279,-42.3874,10.2,2.3,100,51,AFT,Kamp,and,"Whitehouse,",1999,,
171.2793,-42.418,6.3,0.8,100,91,AFT,Kamp,and,"Whitehouse,",1999,,
171.2793,-42.418,8.5,0.8,100,91,AFT,Kamp,and,"Whitehouse,",1999,,
171.2835,-42.4001,12.8,2.4,100,172,AFT,Kamp,and,"Whitehouse,",1999,,
171.2841,-42.3767,12.5,1.1,100,218,AFT,Kamp,and,"Whitehouse,",1999,,
171.2916,-42.3705,7,0.8,100,281,AFT,Kamp,and,"Whitehouse,",1999,,
171.2916,-42.3705,11.4,2.3,100,281,AFT,Kamp,and,"Whitehouse,",1999,,
171.3067,-42.3491,15.3,2.1,100,551,AFT,Kamp,and,"Whitehouse,",1999,,
171.3069,-42.386,9.4,0.7,100,305,AFT,Kamp,and,"Whitehouse,",1999,,
171.3073,-42.4167,6.6,0.5,100,208,AFT,Kamp,and,"Whitehouse,",1999,,
171.309,-42.3546,10.5,1.3,100,503,AFT,Kamp,and,"Whitehouse,",1999,,
171.3093,-42.3456,9.6,2.9,100,613,AFT,Kamp,and,"Whitehouse,",1999,,
171.3093,-42.3888,11.5,0.9,100,335,AFT,Kamp,and,"Whitehouse,",1999,,
171.3124,-42.753,4.3,0.6,100,173,AFT,Kamp,et,al.,1992,,
171.3246,-42.7596,7.2,1.6,100,140,AFT,Kamp,et,al.,1992,,
171.3265,-42.2441,93.2,14.2,100,115,AFT,Seward,1989,,,,
171.3265,-42.2441,99.5,20.8,100,115,AFT,Seward,1989,,,,
171.3336,-42.3432,6,1.5,100,777,AFT,Kamp,and,"Whitehouse,",1999,,
171.3373,-43.0592,0.1,0,100,745,AFT,Tippett,&,Kamp,1993a,,
171.3394,-43.0864,4.1,0.9,100,711,AFT,Tippett,&,Kamp,1993a,,
171.342,-42.3469,7.1,0.9,100,860,AFT,Kamp,and,"Whitehouse,",1999,,
171.343,-42.3542,7.5,1.3,100,759,AFT,Kamp,and,"Whitehouse,",1999,,
171.343,-42.3542,9.3,1,100,759,AFT,Kamp,and,"Whitehouse,",1999,,
171.343,-42.3542,9.8,0.9,100,759,AFT,Kamp,and,"Whitehouse,",1999,,
171.3588,-42.0753,68.8,8.6,100,0,AFT,Seward,1989,,,,
171.3613,-42.0726,70.9,8.9,100,0,AFT,Seward,1989,,,,
171.3613,-42.0717,70.6,9.9,100,0,AFT,Seward,1989,,,,
171.3614,-42.0699,75.9,10,100,0,AFT,Seward,1989,,,,
171.3719,-43.13,8.4,2.2,100,724,AFT,Tippett,&,Kamp,1993a,,
171.3956,-42.0083,60.1,5.5,100,0,AFT,Seward,1989,,,,
171.3981,-42.3379,13,1.4,100,288,AFT,Kamp,and,"Whitehouse,",1999,,
171.4234,-41.9574,76.9,8,100,170,AFT,Seward,1989,,,,
171.4247,-43.1745,40,5,100,680,AFT,Tippett,&,Kamp,1993a,,
171.4286,-42.6519,10.8,1.1,100,174,AFT,Kamp,et,al.,1992,,
171.4293,-41.9647,71,13.9,100,153,AFT,Seward,1989,,,,
171.4305,-41.9647,68.5,11.1,100,153,AFT,Seward,1989,,,,
171.443,-42.7655,3.8,0.6,100,247,AFT,Kamp,et,al.,1992,,
171.452,-41.7741,70.9,9.7,100,0,AFT,Seward,1989,,,,
171.4532,-41.775,76.3,11,100,0,AFT,Seward,1989,,,,
171.4595,-41.7634,69.1,8.3,100,0,AFT,Seward,1989,,,,
171.4608,-41.7616,73.7,9.1,100,0,AFT,Seward,1989,,,,
171.4609,-41.7544,71.8,8.7,100,0,AFT,Seward,1989,,,,
171.4777,-42.7457,0.1,0,100,254,AFT,Tippett,&,Kamp,1993a,,
171.5017,-42.1664,17.6,3,100,1099,AFT,Seward,1989,,,,
171.5017,-42.1664,20,3.4,100,1099,AFT,Seward,&,White,1992,,
171.5061,-41.7241,23.6,2.8,100,0,AFT,Kamp,et,al.,1996,,
171.5241,-42.0371,20.6,4,100,535,AFT,Seward,&,White,1992,,
171.5302,-42.7482,0.7,1,100,243,AFT,Kamp,et,al.,1989,,
171.5503,-42.7605,0.6,0.4,100,432,AFT,Tippett,&,Kamp,1993a,,
171.5546,-42.0762,15.3,2.7,100,1040,AFT,Seward,1989,,,,
171.5546,-42.0762,22.9,3.5,100,1040,AFT,Seward,&,White,1992,,
171.5594,-42.9325,3.6,2.4,100,876,AFT,Tippett,&,Kamp,1993b,,
171.566,-42.8124,52.2,51.4,100,454,AFT,Kamp,et,al.,1989,,
171.5717,-42.9597,5.5,3.6,100,850,AFT,Tippett,&,Kamp,1993b,,
171.5744,-41.8432,16,4,100,138,AFT,Seward,&,White,1992,,
171.5779,-41.9531,18.7,1.2,100,1184,AFT,Seward,&,White,1992,,
171.5833,-41.928,19.4,2.8,100,770,AFT,Seward,&,White,1992,,
171.5889,-42.055,16.1,2.1,100,1218,AFT,Seward,&,White,1992,,
171.5903,-43.3761,41,10,100,511,AFT,Tippett,&,Kamp,1993a,,
171.5916,-42.7654,0.1,0,100,381,AFT,Tippett,&,Kamp,1993a,,
171.5919,-42.9811,3.9,1.4,100,731,AFT,Kamp,et,al.,1989,,
171.6084,-41.9913,29,4.1,100,999,AFT,Seward,&,White,1992,,
171.614,-42.7802,0.8,1.2,100,352,AFT,Kamp,et,al.,1989,,
171.6378,-42.0286,24.5,2.7,100,1092,AFT,Seward,&,White,1992,,
171.6459,-41.9873,15.6,2,100,454,AFT,Seward,&,White,1992,,
171.6459,-41.9873,16.3,2.1,100,454,AFT,Seward,1989,,,,
171.6482,-41.9927,23.2,2.9,100,703,AFT,Seward,&,White,1992,,
171.6518,-41.9936,58,9.7,100,873,AFT,Seward,&,White,1992,,
171.6542,-41.9955,11.7,1.7,100,1048,AFT,Seward,&,White,1992,,
171.6564,-42.767,0.1,0,100,358,AFT,Tippett,&,Kamp,1993a,,
171.6578,-41.9973,72.7,8.7,100,1038,AFT,Seward,&,White,1992,,
171.6588,-42.0648,50.5,4.5,100,1014,AFT,Seward,&,White,1992,,
171.6601,-41.8326,17.2,2,100,148,AFT,Kamp,et,al.,1996,,
171.663,-41.8358,13.2,1.6,100,146,AFT,Kamp,et,al.,1996,,
171.6647,-42.0145,67.7,8,100,989,AFT,Seward,&,White,1992,,
171.6793,-42.0633,54.4,6.7,100,1331,AFT,Seward,&,White,1992,,
171.6852,-42.0696,62,6.6,100,1080,AFT,Seward,&,White,1992,,
171.6936,-42.0166,62.6,5.7,100,869,AFT,Seward,&,White,1992,,
171.6972,-42.077,66.1,7.1,100,1132,AFT,Seward,&,White,1992,,
171.6994,-42.0878,72,8.1,100,1086,AFT,Seward,&,White,1992,,
171.7056,-42.0177,67.6,5.9,100,658,AFT,Seward,&,White,1992,,
171.7093,-41.8376,15.3,3.2,100,108,AFT,Seward,1989,,,,
171.7094,-41.8358,17.1,2.7,100,139,AFT,Seward,1989,,,,
171.7094,-41.834,15.6,3.1,100,174,AFT,Seward,1989,,,,
171.7127,-41.8467,7.4,0.9,100,46,AFT,Kamp,et,al.,1996,,
171.7136,-42.0988,68.9,7.9,100,659,AFT,Seward,&,White,1992,,
171.7136,-42.0988,82.8,9.4,100,659,AFT,Seward,1989,,,,
171.7171,-42.1078,73.9,8,100,494,AFT,Seward,&,White,1992,,
171.7299,-43.0105,6,3.6,100,671,AFT,Kamp,et,al.,1989,,
171.7452,-41.9686,53.5,6.7,100,622,AFT,Seward,1989,,,,
171.7565,-41.8575,24.5,2.8,100,147,AFT,Kamp,et,al.,1996,,
171.7626,-43.3051,91.9,22.8,100,740,AFT,Kamp,et,al.,1989,,
171.7626,-43.3051,92,22,100,740,AFT,Tippett,&,Kamp,1993b,,
171.7663,-43.1323,114,22,100,702,AFT,Tippett,&,Kamp,1993b,,
171.7667,-41.7969,14,4.1,100,214,AFT,Seward,1989,,,,
171.7667,-41.7969,16.8,3.6,100,214,AFT,Seward,1989,,,,
171.7694,-43.3125,141,16,100,642,AFT,Tippett,&,Kamp,1993b,,
171.7694,-43.3125,141.3,16.6,100,642,AFT,Kamp,et,al.,1989,,
171.7954,-43.3305,133.7,14.1,100,579,AFT,Kamp,et,al.,1989,,
171.7954,-43.3305,134,14,100,579,AFT,Tippett,&,Kamp,1993b,,
171.803,-41.7842,19.7,1.7,100,382,AFT,Kamp,et,al.,1996,,
171.8089,-41.7578,23.6,3.9,100,609,AFT,Kamp,et,al.,1996,,
171.8224,-41.7128,15,2.1,100,584,AFT,Kamp,et,al.,1996,,
171.8306,-41.7695,19.5,5.1,100,861,AFT,Kamp,et,al.,1996,,
171.8414,-41.7569,17.8,5.6,100,677,AFT,Kamp,et,al.,1996,,
171.8534,-41.8568,59.1,3.6,100,69,AFT,Kamp,et,al.,1996,,
171.855,-41.7037,13,1.4,100,983,AFT,Kamp,et,al.,1996,,
171.8578,-41.7429,8.2,2.8,100,599,AFT,Kamp,et,al.,1996,,
171.8588,-41.6272,19.2,1.6,100,0,AFT,Kamp,et,al.,1996,,
171.8635,-41.7443,28.4,3.4,100,657,AFT,Kamp,et,al.,1996,,
171.8658,-41.7274,12.4,1.9,100,638,AFT,Kamp,et,al.,1996,,
171.8671,-41.6296,25.3,4.4,100,184,AFT,Seward,1989,,,,
171.8671,-41.6287,22.7,3.6,100,167,AFT,Seward,1989,,,,
171.8672,-41.6303,18.8,1.2,100,200,AFT,Kamp,et,al.,1996,,
171.8677,-41.5963,67.9,8.1,100,0,AFT,Seward,1989,,,,
171.8685,-41.7273,28.7,3.1,100,637,AFT,Kamp,et,al.,1996,,
171.8685,-41.7273,39.8,11.7,100,637,AFT,Kamp,et,al.,1996,,
171.8689,-41.705,12.7,1.2,100,784,AFT,Kamp,et,al.,1996,,
171.8832,-41.6018,22.9,5.3,100,0,AFT,Seward,1989,,,,
171.897,-41.7018,7.7,0.7,100,744,AFT,Kamp,et,al.,1996,,
171.897,-41.7018,10.1,1,100,744,AFT,Kamp,et,al.,1996,,
171.9021,-41.7517,39.8,3.1,100,308,AFT,Kamp,et,al.,1996,,
171.9064,-41.7164,65.8,5.2,100,619,AFT,Kamp,et,al.,1996,,
171.9188,-41.5517,5.4,0.8,100,0,AFT,Kamp,et,al.,1996,,
171.9402,-42.2119,16.2,4.4,100,330,AFT,Seward,&,Tulloch,1991,,
171.9402,-42.2119,19.5,5.4,100,330,AFT,Seward,1989,,,,
171.9403,-41.8467,56.5,3.7,100,76,AFT,Kamp,et,al.,1996,,
171.9455,-41.5335,39.6,2.8,100,48,AFT,Kamp,et,al.,1996,,
171.9459,-41.5079,44.8,4.4,100,0,AFT,Kamp,et,al.,1996,,
171.9481,-42.2435,26.7,4.4,100,513,AFT,Seward,&,Tulloch,1991,,
171.9481,-42.2435,36.7,5.7,100,513,AFT,Seward,&,Tulloch,1991,,
171.9555,-41.71,16.5,1.7,100,355,AFT,Kamp,et,al.,1996,,
171.9622,-42.2715,10.2,2.4,100,423,AFT,Seward,&,Tulloch,1991,,
171.9622,-42.2715,15.8,3.8,100,423,AFT,Seward,1989,,,,
171.9669,-41.5314,12.5,6.5,100,14,AFT,Kamp,et,al.,1996,,
171.9749,-41.7931,36.4,3.1,100,332,AFT,Kamp,et,al.,1996,,
171.9781,-41.6245,10.2,0.8,100,262,AFT,Kamp,et,al.,1996,,
171.9841,-41.6871,10.2,0.7,100,362,AFT,Kamp,et,al.,1996,,
171.9846,-41.7909,56.2,9,100,263,AFT,Seward,1989,,,,
171.9846,-41.7909,56.6,9,100,263,AFT,Seward,1989,,,,
171.9846,-41.5464,9.2,1.2,100,17,AFT,Kamp,et,al.,1996,,
171.9852,-41.793,33.5,2.5,100,306,AFT,Kamp,et,al.,1996,,
171.9984,-42.2826,12,3.7,100,596,AFT,Seward,&,Tulloch,1991,,
171.9984,-42.2826,13.5,4.1,100,596,AFT,Seward,1989,,,,
170.0984,-43.6567,14.2,2.9,180,1872,ZHe,herman2009
170.0999,-43.659,3,0.6,180,1775,ZHe,herman2009
170.0999,-43.659,6.9,0.6,180,1775,ZHe,herman2009
170.1843,-43.585,6.1,1,180,1991,ZHe,herman2009
170.1843,-43.585,8.6,0.9,180,1991,ZHe,herman2009
170.1939,-43.582,12.8,1.7,180,1883,ZHe,herman2009
170.1939,-43.582,15.6,2.6,180,1883,ZHe,herman2009
170.2029,-43.5881,13.8,2.7,180,1412,ZHe,herman2009
170.2029,-43.5881,16.5,2.4,180,1412,ZHe,herman2009
170.5167,-43.4256,1.7,0.11,180,2267,ZHe,herman2007
170.5167,-43.4239,1.2,0.16,180,2229,ZHe,herman2007
170.5167,-43.4216,0.9,0.04,180,2176,ZHe,herman2007
170.5167,-43.4141,1,0.08,180,1974,ZHe,herman2007
170.5167,-43.4117,1.4,0.14,180,1899,ZHe,herman2007
170.5167,-43.408,1.5,0.17,180,1748,ZHe,herman2007
170.5167,-43.398,1.8,0.25,180,1772,ZHe,herman2007
170.5167,-43.3968,2,0.14,180,1805,ZHe,herman2007
170.5167,-43.3966,1.3,0.11,180,1813,ZHe,herman2007
170.5167,-43.3951,2.8,0.09,180,1821,ZHe,herman2007
170.5167,-43.3844,1.7,0.08,180,1621,ZHe,herman2007
170.5167,-43.3806,1.6,0.08,180,1544,ZHe,herman2007
170.5167,-43.3628,3,0.16,180,705,ZHe,herman2007
170.5167,-43.3607,1.8,0.07,180,620,ZHe,herman2007
170.5167,-43.355,1.8,0.25,180,412,ZHe,herman2007
170.5167,-43.3331,1.4,0.1,180,710,ZHe,herman2007
170.0787,-43.6533,0.8,0.2,70,1615,AHe,herman2009
170.0787,-43.6533,1,0.2,70,1615,AHe,herman2009
170.0999,-43.659,4.2,1.1,70,1775,AHe,herman2009
170.1104,-43.6579,0.9,0.2,70,1248,AHe,herman2009
170.1104,-43.6579,2,0.5,70,1248,AHe,herman2009
170.1738,-43.6609,2,0.4,70,966,AHe,herman2009
170.1738,-43.6609,2.5,0.4,70,966,AHe,herman2009
170.1843,-43.585,2.9,0.6,70,1991,AHe,herman2009
170.1939,-43.582,3.4,0.6,70,1883,AHe,herman2009
170.2029,-43.5881,1.1,0.2,70,1412,AHe,herman2009
170.2029,-43.5881,1.3,0.3,70,1412,AHe,herman2009
170.2093,-43.5909,2.1,0.4,70,1135,AHe,herman2009
170.2093,-43.5909,2.6,0.4,70,1135,AHe,herman2009
170.2931,-43.573,6.7,1.6,70,2515,AHe,herman2009
170.3152,-43.592,1.8,0.5,70,1611,AHe,herman2009
170.3152,-43.592,2.1,0.4,70,1611,AHe,herman2009
170.3279,-43.5931,1.7,0.5,70,1150,AHe,herman2009
170.3279,-43.5931,1.7,0.4,70,1150,AHe,herman2009
170.4171,-43.5867,22.1,3.7,70,1980,AHe,herman2009
170.4171,-43.5867,25.7,4,70,1980,AHe,herman2009